{"train_loss_step":0.00318850832991302,"_runtime":259.538762,"train_acc_epoch":0.9962690472602844,"_timestamp":1.7368758807845252e+09,"train_loss_epoch":0.01689765602350235,"_wandb":{"runtime":260},"epoch":1,"_step":45,"train_acc_step":1,"trainer/global_step":2203}
